{"name": "Animalese", "version": "1.0", "location": {"callable": {"change_playback_speed": ["game/speak.rpy", 100], "build_sentence": ["game/speak.rpy", 33], "replace_numbers": ["game/speak.rpy", 74], "replace_swear_words": ["game/speak.rpy", 59], "replace_parentheses": ["game/speak.rpy", 66]}, "screen": {"load": ["game/default renpy scripts/screens.rpyc", 597], "help": ["game/default renpy scripts/screens.rpyc", 976], "say": ["game/default renpy scripts/screens.rpyc", 98], "notify": ["game/default renpy scripts/screens.rpyc", 1260], "keyboard_help": ["game/default renpy scripts/screens.rpyc", 1005], "gamepad_help": ["game/default renpy scripts/screens.rpyc", 1075], "preferences": ["game/default renpy scripts/screens.rpyc", 719], "confirm": ["game/default renpy scripts/screens.rpyc", 1141], "mouse_help": ["game/default renpy scripts/screens.rpyc", 1052], "input": ["game/default renpy scripts/screens.rpyc", 174], "save": ["game/default renpy scripts/screens.rpyc", 590], "skip_indicator": ["game/default renpy scripts/screens.rpyc", 1204], "file_slots": ["game/default renpy scripts/screens.rpyc", 604], "choice": ["game/default renpy scripts/screens.rpyc", 207], "game_menu": ["game/default renpy scripts/screens.rpyc", 420], "main_menu": ["game/default renpy scripts/screens.rpyc", 355], "nvl": ["game/default renpy scripts/screens.rpyc", 1299], "quick_menu": ["game/default renpy scripts/screens.rpyc", 1421], "about": ["game/default renpy scripts/screens.rpyc", 546], "nvl_dialogue": ["game/default renpy scripts/screens.rpyc", 1331], "navigation": ["game/default renpy scripts/screens.rpyc", 292], "history": ["game/default renpy scripts/screens.rpyc", 886]}, "define": {"gui.accent_color": ["game/default renpy scripts/gui.rpyc", 26], "gui.interface_text_size": ["game/default renpy scripts/gui.rpyc", 73], "build.name": ["game/options.rpy", 40], "gui.bar_tile": ["game/default renpy scripts/gui.rpyc", 314], "gui.nvl_thought_xpos": ["game/default renpy scripts/gui.rpyc", 392], "gui.slot_button_text_idle_color": ["game/default renpy scripts/gui.rpyc", 229], "config.history_length": ["game/default renpy scripts/gui.rpyc", 338], "config.after_load_transition": ["game/options.rpy", 86], "gui.page_spacing": ["game/default renpy scripts/gui.rpyc", 270], "gui.page_button_borders": ["game/default renpy scripts/gui.rpyc", 187], "gui.idle_color": ["game/default renpy scripts/gui.rpyc", 29], "config.window": ["game/options.rpy", 108], "gui.slider_tile": ["game/default renpy scripts/gui.rpyc", 316], "gui.main_menu_text_xalign": ["game/default renpy scripts/gui.rpyc", 276], "gui.nvl_button_xalign": ["game/default renpy scripts/gui.rpyc", 399], "gui.nvl_text_ypos": ["game/default renpy scripts/gui.rpyc", 386], "gui.frame_borders": ["game/default renpy scripts/gui.rpyc", 285], "gui.nvl_list_length": ["game/default renpy scripts/gui.rpyc", 367], "gui.slot_button_borders": ["game/default renpy scripts/gui.rpyc", 226], "gui.scrollbar_borders": ["game/default renpy scripts/gui.rpyc", 320], "config.enter_transition": ["game/options.rpy", 75], "gui.pref_spacing": ["game/default renpy scripts/gui.rpyc", 264], "gui.dialogue_text_xalign": ["game/default renpy scripts/gui.rpyc", 139], "gui.nvl_text_xpos": ["game/default renpy scripts/gui.rpyc", 385], "config.window_icon": ["game/options.rpy", 152], "gui.muted_color": ["game/default renpy scripts/gui.rpyc", 47], "gui.dialogue_ypos": ["game/default renpy scripts/gui.rpyc", 132], "config.has_sound": ["game/options.rpy", 48], "gui.button_text_font": ["game/default renpy scripts/gui.rpyc", 159], "gui.nvl_name_ypos": ["game/default renpy scripts/gui.rpyc", 380], "gui.game_menu_background": ["game/default renpy scripts/gui.rpyc", 89], "gui.choice_button_text_hover_color": ["game/default renpy scripts/gui.rpyc", 213], "gui.nvl_button_xpos": ["game/default renpy scripts/gui.rpyc", 398], "gui.name_xalign": ["game/default renpy scripts/gui.rpyc", 112], "gui.namebox_borders": ["game/default renpy scripts/gui.rpyc", 121], "gui.frame_tile": ["game/default renpy scripts/gui.rpyc", 297], "gui.nvl_text_xalign": ["game/default renpy scripts/gui.rpyc", 388], "gui.vbar_borders": ["game/default renpy scripts/gui.rpyc", 324], "config.end_game_transition": ["game/options.rpy", 91], "gui.slot_button_text_size": ["game/default renpy scripts/gui.rpyc", 227], "gui.dialogue_xpos": ["game/default renpy scripts/gui.rpyc", 131], "gui.namebox_height": ["game/default renpy scripts/gui.rpyc", 117], "config.version": ["game/options.rpy", 26], "gui.history_text_width": ["game/default renpy scripts/gui.rpyc", 354], "gui.radio_button_borders": ["game/default renpy scripts/gui.rpyc", 181], "gui.button_text_size": ["game/default renpy scripts/gui.rpyc", 162], "config.window_hide_transition": ["game/options.rpy", 114], "gui.about": ["game/options.rpy", 32], "gui.vslider_borders": ["game/default renpy scripts/gui.rpyc", 326], "gui.navigation_spacing": ["game/default renpy scripts/gui.rpyc", 261], "gui.choice_button_borders": ["game/default renpy scripts/gui.rpyc", 208], "config.intra_transition": ["game/options.rpy", 81], "gui.slot_button_width": ["game/default renpy scripts/gui.rpyc", 224], "gui.choice_button_text_xalign": ["game/default renpy scripts/gui.rpyc", 211], "gui.show_name": ["game/options.rpy", 21], "gui.slot_button_text_selected_hover_color": ["game/default renpy scripts/gui.rpyc", 231], "gui.title_text_size": ["game/default renpy scripts/gui.rpyc", 82], "gui.slot_button_text_selected_idle_color": ["game/default renpy scripts/gui.rpyc", 230], "e2": ["game/script.rpy", 24], "gui.button_text_idle_color": ["game/default renpy scripts/gui.rpyc", 165], "gui.notify_frame_borders": ["game/default renpy scripts/gui.rpyc", 294], "gui.navigation_xpos": ["game/default renpy scripts/gui.rpyc", 249], "gui.slot_button_height": ["game/default renpy scripts/gui.rpyc", 225], "gui.history_text_ypos": ["game/default renpy scripts/gui.rpyc", 353], "config.nvl_list_length": ["game/default renpy scripts/screens.rpyc", 1352], "gui.notify_text_size": ["game/default renpy scripts/gui.rpyc", 79], "config.has_voice": ["game/options.rpy", 50], "gui.selected_color": ["game/default renpy scripts/gui.rpyc", 40], "gui.history_text_xpos": ["game/default renpy scripts/gui.rpyc", 352], "gui.skip_frame_borders": ["game/default renpy scripts/gui.rpyc", 291], "gui.confirm_button_text_xalign": ["game/default renpy scripts/gui.rpyc", 185], "gui.text_font": ["game/default renpy scripts/gui.rpyc", 58], "gui.history_name_xpos": ["game/default renpy scripts/gui.rpyc", 346], "gui.main_menu_background": ["game/default renpy scripts/gui.rpyc", 88], "gui.button_width": ["game/default renpy scripts/gui.rpyc", 148], "gui.button_text_selected_color": ["game/default renpy scripts/gui.rpyc", 167], "gui.nvl_thought_ypos": ["game/default renpy scripts/gui.rpyc", 393], "config.save_directory": ["game/options.rpy", 145], "gui.skip_ypos": ["game/default renpy scripts/gui.rpyc", 252], "gui.namebox_tile": ["game/default renpy scripts/gui.rpyc", 125], "gui.nvl_text_width": ["game/default renpy scripts/gui.rpyc", 387], "gui.hover_color": ["game/default renpy scripts/gui.rpyc", 36], "gui.interface_text_color": ["game/default renpy scripts/gui.rpyc", 52], "config.thumbnail_width": ["game/default renpy scripts/gui.rpyc", 234], "gui.idle_small_color": ["game/default renpy scripts/gui.rpyc", 33], "config.exit_transition": ["game/options.rpy", 76], "gui.button_text_xalign": ["game/default renpy scripts/gui.rpyc", 172], "gui.name_xpos": ["game/default renpy scripts/gui.rpyc", 107], "gui.name_text_size": ["game/default renpy scripts/gui.rpyc", 70], "gui.history_text_xalign": ["game/default renpy scripts/gui.rpyc", 355], "gui.file_slot_rows": ["game/default renpy scripts/gui.rpyc", 239], "gui.button_text_insensitive_color": ["game/default renpy scripts/gui.rpyc", 168], "gui.hover_muted_color": ["game/default renpy scripts/gui.rpyc", 48], "gui.scrollbar_size": ["game/default renpy scripts/gui.rpyc", 310], "gui.quick_button_text_selected_color": ["game/default renpy scripts/gui.rpyc", 192], "gui.nvl_thought_width": ["game/default renpy scripts/gui.rpyc", 394], "gui.history_height": ["game/default renpy scripts/gui.rpyc", 342], "gui.text_size": ["game/default renpy scripts/gui.rpyc", 67], "gui.unscrollable": ["game/default renpy scripts/gui.rpyc", 330], "gui.choice_button_text_font": ["game/default renpy scripts/gui.rpyc", 209], "gui.slot_spacing": ["game/default renpy scripts/gui.rpyc", 273], "gui.quick_button_text_idle_color": ["game/default renpy scripts/gui.rpyc", 191], "config.window_show_transition": ["game/options.rpy", 113], "config.narrator_menu": ["game/default renpy scripts/screens.rpyc", 217], "gui.nvl_height": ["game/default renpy scripts/gui.rpyc", 371], "gui.choice_button_height": ["game/default renpy scripts/gui.rpyc", 206], "gui.nvl_spacing": ["game/default renpy scripts/gui.rpyc", 375], "quick_menu": ["game/default renpy scripts/screens.rpyc", 271], "gui.insensitive_color": ["game/default renpy scripts/gui.rpyc", 43], "gui.bar_borders": ["game/default renpy scripts/gui.rpyc", 319], "gui.dialogue_width": ["game/default renpy scripts/gui.rpyc", 135], "gui.scrollbar_tile": ["game/default renpy scripts/gui.rpyc", 315], "gui.quick_button_text_size": ["game/default renpy scripts/gui.rpyc", 190], "config.has_music": ["game/options.rpy", 49], "gui.textbox_height": ["game/default renpy scripts/gui.rpyc", 98], "gui.file_slot_cols": ["game/default renpy scripts/gui.rpyc", 238], "gui.text_color": ["game/default renpy scripts/gui.rpyc", 51], "gui.history_name_xalign": ["game/default renpy scripts/gui.rpyc", 349], "config.name": ["game/options.rpy", 15], "gui.button_text_hover_color": ["game/default renpy scripts/gui.rpyc", 166], "gui.textbox_yalign": ["game/default renpy scripts/gui.rpyc", 102], "gui.nvl_name_width": ["game/default renpy scripts/gui.rpyc", 381], "gui.choice_button_text_idle_color": ["game/default renpy scripts/gui.rpyc", 212], "gui.button_borders": ["game/default renpy scripts/gui.rpyc", 152], "gui.button_tile": ["game/default renpy scripts/gui.rpyc", 156], "gui.choice_button_tile": ["game/default renpy scripts/gui.rpyc", 207], "gui.history_name_width": ["game/default renpy scripts/gui.rpyc", 348], "gui.language": ["game/default renpy scripts/gui.rpyc", 407], "gui.notify_ypos": ["game/default renpy scripts/gui.rpyc", 255], "gui.nvl_name_xalign": ["game/default renpy scripts/gui.rpyc", 382], "gui.label_text_size": ["game/default renpy scripts/gui.rpyc", 76], "gui.nvl_thought_xalign": ["game/default renpy scripts/gui.rpyc", 395], "gui.namebox_width": ["game/default renpy scripts/gui.rpyc", 116], "gui.choice_button_text_insensitive_color": ["game/default renpy scripts/gui.rpyc", 214], "gui.slider_borders": ["game/default renpy scripts/gui.rpyc", 321], "gui.history_allow_tags": ["game/default renpy scripts/screens.rpyc", 926], "gui.name_text_font": ["game/default renpy scripts/gui.rpyc", 61], "gui.name_ypos": ["game/default renpy scripts/gui.rpyc", 108], "gui.nvl_borders": ["game/default renpy scripts/gui.rpyc", 363], "gui.pref_button_spacing": ["game/default renpy scripts/gui.rpyc", 267], "config.thumbnail_height": ["game/default renpy scripts/gui.rpyc", 235], "gui.bar_size": ["game/default renpy scripts/gui.rpyc", 309], "gui.choice_button_width": ["game/default renpy scripts/gui.rpyc", 205], "gui.interface_text_font": ["game/default renpy scripts/gui.rpyc", 64], "e": ["game/script.rpy", 23], "gui.history_name_ypos": ["game/default renpy scripts/gui.rpyc", 347], "gui.slot_button_text_xalign": ["game/default renpy scripts/gui.rpyc", 228], "gui.nvl_name_xpos": ["game/default renpy scripts/gui.rpyc", 379], "gui.confirm_frame_borders": ["game/default renpy scripts/gui.rpyc", 288], "gui.slider_size": ["game/default renpy scripts/gui.rpyc", 311], "gui.button_height": ["game/default renpy scripts/gui.rpyc", 149], "gui.check_button_borders": ["game/default renpy scripts/gui.rpyc", 183], "gui.choice_spacing": ["game/default renpy scripts/gui.rpyc", 258], "gui.quick_button_borders": ["game/default renpy scripts/gui.rpyc", 189], "gui.choice_button_text_size": ["game/default renpy scripts/gui.rpyc", 210], "gui.vscrollbar_borders": ["game/default renpy scripts/gui.rpyc", 325]}, "transform": {"delayed_blink": ["game/default renpy scripts/screens.rpyc", 1222], "notify_appear": ["game/default renpy scripts/screens.rpyc", 1271]}, "label": {"start": ["game/script.rpy", 27]}}, "error": false, "size": [1280, 720], "build": {"documentation_patterns": ["*.html", "*.txt"], "directory_name": "Animalese-1.0", "display_name": "Animalese", "script_version": true, "destination": "Animalese-1.0-dists", "renpy": false, "allow_integrated_gpu": true, "include_update": false, "base_patterns": [["*.py", null], ["*.sh", null], ["*.app/", null], ["*.dll", null], ["*.manifest", null], ["lib/", null], ["renpy/", null], ["update/", null], ["common/", null], ["update/", null], ["icon.ico", null], ["icon.icns", null], ["project.json", null], ["log.txt", null], ["errors.txt", null], ["traceback.txt", null], ["image_cache.txt", null], ["text_overflow.txt", null], ["dialogue.txt", null], ["dialogue.tab", null], ["profile_screen.txt", null], ["files.txt", null], ["tmp/", null], ["game/saves/", null], ["game/bytecode.rpyb", null], ["archived/", null], ["launcherinfo.py", null], ["android.txt", null], [".android.json", ["android"]], ["android-*.png", ["android"]], ["android-*.jpg", ["android"]], ["ouya_icon.png", null], ["ios-presplash.*", ["ios"]], ["ios-launchimage.png", null], ["ios-icon.png", null], ["web-presplash.png", ["web"]], ["web-presplash.jpg", ["web"]], ["**~", null], ["**.bak", null], ["**/.**", null], ["**/#**", null], ["**/thumbs.db", null], [".*", null], ["**", ["all"]]], "version": "1.0", "archives": [["archive", ["all"]]], "xbit_patterns": ["**.sh", "**/*.so.*", "**/*.so", "**/*.dylib", "lib/**/python", "lib/**/pythonw", "lib/**/zsync", "lib/**/zsyncmake", "**.app/Contents/MacOS/*", "**.app/Contents/MacOS/lib/**/python", "**.app/Contents/MacOS/lib/**/pythonw", "**.app/Contents/MacOS/lib/**/zsync", "**.app/Contents/MacOS/lib/**/zsyncmake"], "exclude_empty_directories": true, "renpy_patterns": [["renpy/common/_compat/**", null], ["renpy/common/_roundrect/**", null], ["renpy/common/_outline/**", null], ["renpy/common/_theme**", null], ["**~", null], ["**/#*", null], ["**/.*", null], ["**.old", null], ["**.new", null], ["**.rpa", null], ["**/*.pyc", null], ["renpy.py", ["all"]], ["renpy/", ["all"]], ["renpy/**.py", ["renpy"]], ["renpy/**.pyx", ["renpy"]], ["renpy/**.pyd", ["renpy"]], ["renpy/**.pxi", ["renpy"]], ["renpy/common/", ["all"]], ["renpy/common/_compat/**", ["renpy"]], ["renpy/common/**.rpy", ["renpy"]], ["renpy/common/**.rpym", ["renpy"]], ["renpy/common/_compat/**", ["renpy"]], ["renpy/common/**", ["all"]], ["renpy/**", ["all"]], ["lib/*/renpy", null], ["lib/*/renpy.exe", null], ["lib/windows-i686/**", ["windows"]], ["lib/linux-*/**", ["linux"]], ["lib/darwin-x86_64/**", ["mac"]], ["/lib/**", ["windows", "linux", "mac"]], ["renpy.sh", ["linux", "mac"]]], "packages": [{"dlc": false, "hidden": false, "description": "PC: Windows and Linux", "formats": ["zip"], "file_lists": ["windows", "linux", "renpy", "all"], "update": true, "name": "pc"}, {"dlc": false, "hidden": false, "description": "Linux x86/x86_64", "formats": ["tar.bz2"], "file_lists": ["linux", "renpy", "all"], "update": true, "name": "linux"}, {"dlc": false, "hidden": false, "description": "Macintosh x86_64", "formats": ["app-zip", "app-dmg"], "file_lists": ["mac", "renpy", "all"], "update": true, "name": "mac"}, {"dlc": false, "hidden": false, "description": "Windows x86", "formats": ["zip"], "file_lists": ["windows", "renpy", "all"], "update": true, "name": "win"}, {"dlc": false, "hidden": false, "description": "Windows, Mac, Linux for Markets", "formats": ["zip"], "file_lists": ["windows", "linux", "mac", "renpy", "all"], "update": true, "name": "market"}, {"dlc": false, "hidden": true, "description": "steam", "formats": ["zip"], "file_lists": ["windows", "linux", "mac", "renpy", "all"], "update": true, "name": "steam"}, {"dlc": true, "hidden": true, "description": "android", "formats": ["directory"], "file_lists": ["android", "all"], "update": false, "name": "android"}, {"dlc": true, "hidden": true, "description": "ios", "formats": ["directory"], "file_lists": ["ios", "all"], "update": false, "name": "ios"}, {"dlc": true, "hidden": false, "description": "web", "formats": ["zip"], "file_lists": ["web", "all"], "update": false, "name": "web"}], "executable_name": "Animalese"}}